,Image,Saccade Duration
0,6-Slide2.PNG,182.8930817610063
1,6-Slide3.PNG,185.1387283236994
2,6-Slide4.PNG,164.60176991150442
