,Image,Saccade Duration
0,6-Slide2.PNG,182.8930817610063
1,6-Slide3.PNG,185.1387283236994
2,6-Slide4.PNG,164.60176991150442
3,6-Slide2.PNG,61.83730158730159
4,6-Slide3.PNG,82.0
5,6-Slide4.PNG,82.24438202247191
